"Timestamp","Username","Name","EnrollmentNumber","Term","TeacherName","Subject","Q1","Q2","Q3","Q4","Q5","Q6","Q7","Q8","Q9","Q10","Q11","Q12"
"2021/04/12 12:33:43 PM GMT+5:30","StudentOne@gmail.com","StudentOne","1801","Even","Sanjeet Kanekar","Advance Computer Architecture","4","3","4","4","4","5","4","4","4","3","2","4"
"2021/04/12 12:35:27 PM GMT+5:30","student3@gamil.com","Student Three","1803","Even","Sanjeet Kanekar","Advance Computer Architecture","5","4","5","4","5","3","5","4","5","5","5","3"
"2021/04/12 12:38:08 PM GMT+5:30","student4@gmail.com","Student Four","1804","Even","Sanjeet Kanekar","Advance Computer Architecture","3","5","4","4","4","5","5","5","5","4","4","5"
"2021/04/12 12:39:15 PM GMT+5:30","StudentTwo@gmail.com","StudentTwo","1802","Even","Sanjeet Kanekar","Advance Computer Architecture","4","3","3","3","4","3","5","2","4","3","2","5"
"2021/04/12 12:41:44 PM GMT+5:30","vineetswant@gmail.com","Vineet Sawant ","18ce06","Even","Sanjeet Kanekar","Advance Computer Architecture","4","1","1","5","5","2","1","3","2","3","3","4"
"2021/04/12 12:45:29 PM GMT+5:30","StudentFive@gmail.com","StudentFive","1805","Even","Sanjeet Kanekar","Advance Computer Architecture","3","4","3","4","3","4","3","5","2","4","4","3"